{"time_to_train": 140.889148, "model_order": [5, 0, 0], "aic": 1328877.2502502578, "bic": 1328939.1122022949, "residuals_mean": 0.013788263201691601, "residuals_std": 113243.20563913268, "coefficients": [44245.38361171154, 0.00279879001278937, -0.0020216367596235484, -0.0005507783253662629, 0.0009953835533273515, -0.006482575852316258, 12822789631.500635]}