{"feature_group_name": "energy_consumption_denmark", "feature_group_version": 1, "dataset_name": "arima", "dataset_version": 1, "model_name": "arima", "time_to_train": 2.473043, "model_order": [1, 0, 1], "aic": 1328873.5938479134, "bic": 1328908.9435347917, "residuals_mean": -0.0009619109297790164, "residuals_std": 113245.8128400445, "coefficients": [44245.38361171154, -0.38109419111834403, 0.38387418676920765, 12823126979.212542]}